{"accuracy": [0.6846759915351868, 0.9101334810256958, 0.9385300874710083, 0.9167763590812683], "loss": [0.09458567202091217, 0.05796843767166138, 0.05067860707640648, 0.044837500900030136], "val_accuracy": [0.9941093325614929, 0.9938273429870605, 0.9925426840782166, 0.9913520216941833], "val_loss": [0.05566409230232239, 0.05522432178258896, 0.055798012763261795, 0.060042768716812134]}