{"accuracy": [0.8183791041374207, 0.982546865940094, 0.9929497838020325, 0.9918609261512756, 0.9884611964225769], "loss": [0.1520051211118698, 0.14292141795158386, 0.09980365633964539, 0.053531523793935776, 0.04647422954440117], "val_accuracy": [0.9937019944190979, 0.99357670545578, 0.9941093325614929, 0.9941093325614929, 0.9941093325614929], "val_loss": [0.14100641012191772, 0.13958941400051117, 0.05810278281569481, 0.05187027528882027, 0.053266700357198715]}