{
  "lstm": {
    "accuracy": [
      0.932576596736908,
      0.9913673996925354,
      0.9916259050369263,
      0.9869649410247803
    ],
    "loss": [
      0.07699908316135406,
      0.04825059324502945,
      0.042989056557416916,
      0.03785152733325958
    ],
    "val_accuracy": [
      0.9941093325614929,
      0.9941093325614929,
      0.9941093325614929,
      0.9941093325614929
    ],
    "val_loss": [
      0.052524812519550323,
      0.05020198971033096,
      0.05041318014264107,
      0.052826959639787674
    ]
  },
  "cnn": {
    "accuracy": [
      0.8610092997550964,
      0.9837297201156616,
      0.9707808494567871,
      0.8717412352561951
    ],
    "loss": [
      0.07814034074544907,
      0.04993906989693642,
      0.04252038151025772,
      0.03568630665540695
    ],
    "val_accuracy": [
      0.9941093325614929,
      0.9940780401229858,
      0.9941093325614929,
      0.9652827978134155
    ],
    "val_loss": [
      0.05266876518726349,
      0.05206241086125374,
      0.05426200106739998,
      0.05599028244614601
    ]
  }
}