{
  "lstm": {
    "accuracy": [
      0.8494077920913696,
      0.9896988868713379,
      0.9927226305007935,
      0.9916337728500366,
      0.9906937479972839
    ],
    "loss": [
      0.15058843791484833,
      0.14317409694194794,
      0.12563104927539825,
      0.06077829375863075,
      0.048999037593603134
    ],
    "val_accuracy": [
      0.9934200048446655,
      0.992699384689331,
      0.9941093325614929,
      0.9941093325614929,
      0.9941093325614929
    ],
    "val_loss": [
      0.1409139782190323,
      0.14009356498718262,
      0.06970467418432236,
      0.05392911657691002,
      0.05227673426270485
    ]
  },
  "cnn": {
    "accuracy": [
      0.7350144386291504,
      0.9104938507080078,
      0.9211788177490234,
      0.8705505132675171
    ],
    "loss": [
      0.09629984945058823,
      0.058586496859788895,
      0.051009103655815125,
      0.04521432891488075
    ],
    "val_accuracy": [
      0.993984043598175,
      0.9940153360366821,
      0.9880620241165161,
      0.979602038860321
    ],
    "val_loss": [
      0.05670315772294998,
      0.05444811284542084,
      0.057241011410951614,
      0.05861613526940346
    ]
  }
}